{
  "passed": true,
  "a": 0.9999966935038105,
  "b": -452417835.4051639,
  "skew_ms": 437.45,
  "n_matched_pairs": 158,
  "reason": "FFT xcorr sync successful",
  "calibration_time": "2026-07-01T07:38:37.416964+00:00",
  "method": "fft_xcorr",
  "offset_s": 0.43745047704866447,
  "offset_ms": 437.45,
  "score": 3042.9533720122395,
  "n_windows": 158,
  "drift_ppm": -3.31
}